-- ----------------------------
-- Table structure for tr_menu_template
-- ----------------------------
DROP TABLE IF EXISTS `tr_menu_template`;
CREATE TABLE `tr_menu_template`  (
  `id` bigint(20) NOT NULL COMMENT '主键id',
  `template_name` varchar(20) NOT NULL COMMENT '模版名称',
  `description` varchar(255) NULL DEFAULT NULL COMMENT '描述',
  `create_by` bigint(20) NULL DEFAULT NULL COMMENT '创建人',
  `create_time` datetime(0) NULL DEFAULT CURRENT_TIMESTAMP COMMENT '创建时间',
  `update_by` bigint(20) NULL DEFAULT NULL COMMENT '更新人',
  `update_time` datetime(0) NULL DEFAULT NULL COMMENT '更新时间',
  `del_flag` tinyint(1) NULL DEFAULT 0 COMMENT '删除状态(0-正常,1-已删除)',
  PRIMARY KEY (`id`) USING BTREE
) ENGINE = InnoDB COMMENT = '租户菜单模版表';

-- ----------------------------
-- Records of tr_menu_template
-- ----------------------------
INSERT INTO `tr_menu_template` VALUES (1427515595465273346, '试用版菜单', '试用版菜单模板', NULL, '2021-08-17 14:20:14', 1422081192391876609, '2021-08-20 11:28:37', 0);
INSERT INTO `tr_menu_template` VALUES (1427567543950348289, '测试模板', '没有说明', 1422081192391876609, '2021-08-17 17:46:40', 1422081192391876609, '2021-08-17 19:34:39', 1);
INSERT INTO `tr_menu_template` VALUES (1427600030533419010, '测试', '1231244', 1422081192391876609, '2021-08-17 19:55:45', NULL, '2021-08-17 19:55:45', 1);
INSERT INTO `tr_menu_template` VALUES (1427600270367916033, '基础版菜单', '基础版菜单模板', 1422081192391876609, '2021-08-17 19:56:43', 1428975711003615234, '2021-08-23 15:46:27', 0);
INSERT INTO `tr_menu_template` VALUES (1427600373719760898, 'VIP版菜单', 'VIP版菜单模板', 1422081192391876609, '2021-08-17 19:57:07', 1422081192391876609, '2021-08-31 17:56:28', 0);
INSERT INTO `tr_menu_template` VALUES (1427600447342379009, '尊贵版菜单', '尊贵版菜单模板', 1422081192391876609, '2021-08-17 19:57:25', 1428975711003615234, '2021-08-27 21:20:32', 0);

-- ----------------------------
-- Table structure for tr_menu_template_ref
-- ----------------------------
DROP TABLE IF EXISTS `tr_menu_template_ref`;
CREATE TABLE `tr_menu_template_ref`  (
  `id` bigint(20) NOT NULL COMMENT '主键id',
  `menu_template_id` bigint(32) NOT NULL COMMENT '模版id',
  `menu_id` bigint(32) NOT NULL COMMENT '菜单id',
  `create_by` bigint(20) NULL DEFAULT NULL COMMENT '创建人',
  `create_time` datetime(0) NULL DEFAULT CURRENT_TIMESTAMP COMMENT '创建时间',
  `update_by` bigint(20) NULL DEFAULT NULL COMMENT '更新人',
  `update_time` datetime(0) NULL DEFAULT NULL COMMENT '更新时间',
  `del_flag` tinyint(1) NULL DEFAULT 0 COMMENT '删除状态(0-正常,1-已删除)',
  PRIMARY KEY (`id`) USING BTREE
) ENGINE = InnoDB COMMENT = '租户菜单关联表';

-- ----------------------------
-- Records of tr_menu_template_ref
-- ----------------------------
INSERT INTO `tr_menu_template_ref` VALUES (1427594720238473218, 1427567543950348289, 1426094805117136897, 1422081192391876609, '2021-08-17 19:34:39', NULL, '2021-08-17 19:34:39', 0);
INSERT INTO `tr_menu_template_ref` VALUES (1427594720238473219, 1427567543950348289, 1426095114551914497, 1422081192391876609, '2021-08-17 19:34:39', NULL, '2021-08-17 19:34:39', 0);
INSERT INTO `tr_menu_template_ref` VALUES (1427594720238473220, 1427567543950348289, 1426107420987977729, 1422081192391876609, '2021-08-17 19:34:39', NULL, '2021-08-17 19:34:39', 0);
INSERT INTO `tr_menu_template_ref` VALUES (1427594720238473221, 1427567543950348289, 1426119162661007362, 1422081192391876609, '2021-08-17 19:34:39', NULL, '2021-08-17 19:34:39', 0);
INSERT INTO `tr_menu_template_ref` VALUES (1427594720238473222, 1427567543950348289, 1426107223339790337, 1422081192391876609, '2021-08-17 19:34:39', NULL, '2021-08-17 19:34:39', 0);
INSERT INTO `tr_menu_template_ref` VALUES (1427594720238473223, 1427567543950348289, 1426119525879345154, 1422081192391876609, '2021-08-17 19:34:39', NULL, '2021-08-17 19:34:39', 0);
INSERT INTO `tr_menu_template_ref` VALUES (1427594720238473224, 1427567543950348289, 1426119933787992065, 1422081192391876609, '2021-08-17 19:34:39', NULL, '2021-08-17 19:34:39', 0);
INSERT INTO `tr_menu_template_ref` VALUES (1427600031904956417, 1427600030533419010, 1426102200929185793, 1422081192391876609, '2021-08-17 19:55:46', NULL, '2021-08-17 19:55:46', 0);
INSERT INTO `tr_menu_template_ref` VALUES (1427600031904956418, 1427600030533419010, 1426103884690583553, 1422081192391876609, '2021-08-17 19:55:46', NULL, '2021-08-17 19:55:46', 0);
INSERT INTO `tr_menu_template_ref` VALUES (1427600031904956419, 1427600030533419010, 1426104051200258050, 1422081192391876609, '2021-08-17 19:55:46', NULL, '2021-08-17 19:55:46', 0);
INSERT INTO `tr_menu_template_ref` VALUES (1427600031904956420, 1427600030533419010, 1409812127615033346, 1422081192391876609, '2021-08-17 19:55:46', NULL, '2021-08-17 19:55:46', 0);
INSERT INTO `tr_menu_template_ref` VALUES (1427600031904956421, 1427600030533419010, 1410055736960593922, 1422081192391876609, '2021-08-17 19:55:46', NULL, '2021-08-17 19:55:46', 0);
INSERT INTO `tr_menu_template_ref` VALUES (1427600031904956422, 1427600030533419010, 1417342905504825346, 1422081192391876609, '2021-08-17 19:55:46', NULL, '2021-08-17 19:55:46', 0);
INSERT INTO `tr_menu_template_ref` VALUES (1427600031904956423, 1427600030533419010, 1417342580106526721, 1422081192391876609, '2021-08-17 19:55:46', NULL, '2021-08-17 19:55:46', 0);
INSERT INTO `tr_menu_template_ref` VALUES (1427600031904956424, 1427600030533419010, 1417342661400526850, 1422081192391876609, '2021-08-17 19:55:46', NULL, '2021-08-17 19:55:46', 0);
INSERT INTO `tr_menu_template_ref` VALUES (1427600031904956425, 1427600030533419010, 1417342721400045569, 1422081192391876609, '2021-08-17 19:55:46', NULL, '2021-08-17 19:55:46', 0);
INSERT INTO `tr_menu_template_ref` VALUES (1427600031904956426, 1427600030533419010, 1417342817822900225, 1422081192391876609, '2021-08-17 19:55:46', NULL, '2021-08-17 19:55:46', 0);
INSERT INTO `tr_menu_template_ref` VALUES (1427600031904956427, 1427600030533419010, 1410053238946377730, 1422081192391876609, '2021-08-17 19:55:46', NULL, '2021-08-17 19:55:46', 0);
INSERT INTO `tr_menu_template_ref` VALUES (1427600031904956428, 1427600030533419010, 1417342905504825343, 1422081192391876609, '2021-08-17 19:55:46', NULL, '2021-08-17 19:55:46', 0);
INSERT INTO `tr_menu_template_ref` VALUES (1427600031904956429, 1427600030533419010, 1417342580106526722, 1422081192391876609, '2021-08-17 19:55:46', NULL, '2021-08-17 19:55:46', 0);
INSERT INTO `tr_menu_template_ref` VALUES (1427600031904956430, 1427600030533419010, 1417342661400526853, 1422081192391876609, '2021-08-17 19:55:46', NULL, '2021-08-17 19:55:46', 0);
INSERT INTO `tr_menu_template_ref` VALUES (1427600031904956431, 1427600030533419010, 1417342721400045563, 1422081192391876609, '2021-08-17 19:55:46', NULL, '2021-08-17 19:55:46', 0);
INSERT INTO `tr_menu_template_ref` VALUES (1427600031904956432, 1427600030533419010, 1417342817822900222, 1422081192391876609, '2021-08-17 19:55:46', NULL, '2021-08-17 19:55:46', 0);
INSERT INTO `tr_menu_template_ref` VALUES (1427600031904956433, 1427600030533419010, 1409821484801171457, 1422081192391876609, '2021-08-17 19:55:46', NULL, '2021-08-17 19:55:46', 0);
INSERT INTO `tr_menu_template_ref` VALUES (1427600031904956434, 1427600030533419010, 1417342905204825323, 1422081192391876609, '2021-08-17 19:55:46', NULL, '2021-08-17 19:55:46', 0);
INSERT INTO `tr_menu_template_ref` VALUES (1427600031904956435, 1427600030533419010, 1417342580206526122, 1422081192391876609, '2021-08-17 19:55:46', NULL, '2021-08-17 19:55:46', 0);
INSERT INTO `tr_menu_template_ref` VALUES (1427600031904956436, 1427600030533419010, 1417342661200526153, 1422081192391876609, '2021-08-17 19:55:46', NULL, '2021-08-17 19:55:46', 0);
INSERT INTO `tr_menu_template_ref` VALUES (1427600031904956437, 1427600030533419010, 1417342721200045513, 1422081192391876609, '2021-08-17 19:55:46', NULL, '2021-08-17 19:55:46', 0);
INSERT INTO `tr_menu_template_ref` VALUES (1427600031904956438, 1427600030533419010, 1417342817222900212, 1422081192391876609, '2021-08-17 19:55:46', NULL, '2021-08-17 19:55:46', 0);
INSERT INTO `tr_menu_template_ref` VALUES (1427600031904956439, 1427600030533419010, 1410056095665860610, 1422081192391876609, '2021-08-17 19:55:46', NULL, '2021-08-17 19:55:46', 0);
INSERT INTO `tr_menu_template_ref` VALUES (1427600031904956440, 1427600030533419010, 1417342905204825343, 1422081192391876609, '2021-08-17 19:55:46', NULL, '2021-08-17 19:55:46', 0);
INSERT INTO `tr_menu_template_ref` VALUES (1427600031904956441, 1427600030533419010, 1417342580206526722, 1422081192391876609, '2021-08-17 19:55:46', NULL, '2021-08-17 19:55:46', 0);
INSERT INTO `tr_menu_template_ref` VALUES (1427600031904956442, 1427600030533419010, 1417342661200526853, 1422081192391876609, '2021-08-17 19:55:46', NULL, '2021-08-17 19:55:46', 0);
INSERT INTO `tr_menu_template_ref` VALUES (1427600031904956443, 1427600030533419010, 1417342721200045563, 1422081192391876609, '2021-08-17 19:55:46', NULL, '2021-08-17 19:55:46', 0);
INSERT INTO `tr_menu_template_ref` VALUES (1427600031904956444, 1427600030533419010, 1417342817222900222, 1422081192391876609, '2021-08-17 19:55:46', NULL, '2021-08-17 19:55:46', 0);
INSERT INTO `tr_menu_template_ref` VALUES (1428559568917045249, 1427515595465273346, 1426102200929185793, 1422081192391876609, '2021-08-20 11:28:37', NULL, '2021-08-20 11:28:37', 0);
INSERT INTO `tr_menu_template_ref` VALUES (1428559568917045250, 1427515595465273346, 1426103884690583553, 1422081192391876609, '2021-08-20 11:28:37', NULL, '2021-08-20 11:28:37', 0);
INSERT INTO `tr_menu_template_ref` VALUES (1428559568917045251, 1427515595465273346, 1426104051200258050, 1422081192391876609, '2021-08-20 11:28:37', NULL, '2021-08-20 11:28:37', 0);
INSERT INTO `tr_menu_template_ref` VALUES (1428559568917045252, 1427515595465273346, 1409812127615033346, 1422081192391876609, '2021-08-20 11:28:37', NULL, '2021-08-20 11:28:37', 0);
INSERT INTO `tr_menu_template_ref` VALUES (1428559568917045253, 1427515595465273346, 1410055736960593922, 1422081192391876609, '2021-08-20 11:28:37', NULL, '2021-08-20 11:28:37', 0);
INSERT INTO `tr_menu_template_ref` VALUES (1428559568917045254, 1427515595465273346, 1417342905504825346, 1422081192391876609, '2021-08-20 11:28:37', NULL, '2021-08-20 11:28:37', 0);
INSERT INTO `tr_menu_template_ref` VALUES (1428559568917045255, 1427515595465273346, 1417342580106526721, 1422081192391876609, '2021-08-20 11:28:37', NULL, '2021-08-20 11:28:37', 0);
INSERT INTO `tr_menu_template_ref` VALUES (1428559568917045256, 1427515595465273346, 1417342661400526850, 1422081192391876609, '2021-08-20 11:28:37', NULL, '2021-08-20 11:28:37', 0);
INSERT INTO `tr_menu_template_ref` VALUES (1428559568917045257, 1427515595465273346, 1417342721400045569, 1422081192391876609, '2021-08-20 11:28:37', NULL, '2021-08-20 11:28:37', 0);
INSERT INTO `tr_menu_template_ref` VALUES (1428559568917045258, 1427515595465273346, 1417342817822900225, 1422081192391876609, '2021-08-20 11:28:37', NULL, '2021-08-20 11:28:37', 0);
INSERT INTO `tr_menu_template_ref` VALUES (1428559568917045259, 1427515595465273346, 1410053238946377730, 1422081192391876609, '2021-08-20 11:28:37', NULL, '2021-08-20 11:28:37', 0);
INSERT INTO `tr_menu_template_ref` VALUES (1428559568917045260, 1427515595465273346, 1417342905504825343, 1422081192391876609, '2021-08-20 11:28:37', NULL, '2021-08-20 11:28:37', 0);
INSERT INTO `tr_menu_template_ref` VALUES (1428559568917045261, 1427515595465273346, 1417342580106526722, 1422081192391876609, '2021-08-20 11:28:37', NULL, '2021-08-20 11:28:37', 0);
INSERT INTO `tr_menu_template_ref` VALUES (1428559568917045262, 1427515595465273346, 1417342661400526853, 1422081192391876609, '2021-08-20 11:28:37', NULL, '2021-08-20 11:28:37', 0);
INSERT INTO `tr_menu_template_ref` VALUES (1428559568917045263, 1427515595465273346, 1417342721400045563, 1422081192391876609, '2021-08-20 11:28:37', NULL, '2021-08-20 11:28:37', 0);
INSERT INTO `tr_menu_template_ref` VALUES (1428559568917045264, 1427515595465273346, 1417342817822900222, 1422081192391876609, '2021-08-20 11:28:37', NULL, '2021-08-20 11:28:37', 0);
INSERT INTO `tr_menu_template_ref` VALUES (1428559568917045265, 1427515595465273346, 1409821484801171457, 1422081192391876609, '2021-08-20 11:28:37', NULL, '2021-08-20 11:28:37', 0);
INSERT INTO `tr_menu_template_ref` VALUES (1428559568917045266, 1427515595465273346, 1417342905204825323, 1422081192391876609, '2021-08-20 11:28:37', NULL, '2021-08-20 11:28:37', 0);
INSERT INTO `tr_menu_template_ref` VALUES (1428559568917045267, 1427515595465273346, 1417342580206526122, 1422081192391876609, '2021-08-20 11:28:37', NULL, '2021-08-20 11:28:37', 0);
INSERT INTO `tr_menu_template_ref` VALUES (1428559568917045268, 1427515595465273346, 1417342661200526153, 1422081192391876609, '2021-08-20 11:28:37', NULL, '2021-08-20 11:28:37', 0);
INSERT INTO `tr_menu_template_ref` VALUES (1428559568917045269, 1427515595465273346, 1417342721200045513, 1422081192391876609, '2021-08-20 11:28:37', NULL, '2021-08-20 11:28:37', 0);
INSERT INTO `tr_menu_template_ref` VALUES (1428559568917045270, 1427515595465273346, 1417342817222900212, 1422081192391876609, '2021-08-20 11:28:37', NULL, '2021-08-20 11:28:37', 0);
INSERT INTO `tr_menu_template_ref` VALUES (1428559568917045271, 1427515595465273346, 1410056095665860610, 1422081192391876609, '2021-08-20 11:28:37', NULL, '2021-08-20 11:28:37', 0);
INSERT INTO `tr_menu_template_ref` VALUES (1428559568917045272, 1427515595465273346, 1417342905204825343, 1422081192391876609, '2021-08-20 11:28:37', NULL, '2021-08-20 11:28:37', 0);
INSERT INTO `tr_menu_template_ref` VALUES (1428559568917045273, 1427515595465273346, 1417342580206526722, 1422081192391876609, '2021-08-20 11:28:37', NULL, '2021-08-20 11:28:37', 0);
INSERT INTO `tr_menu_template_ref` VALUES (1428559568917045274, 1427515595465273346, 1417342661200526853, 1422081192391876609, '2021-08-20 11:28:37', NULL, '2021-08-20 11:28:37', 0);
INSERT INTO `tr_menu_template_ref` VALUES (1428559568917045275, 1427515595465273346, 1417342721200045563, 1422081192391876609, '2021-08-20 11:28:37', NULL, '2021-08-20 11:28:37', 0);
INSERT INTO `tr_menu_template_ref` VALUES (1428559568917045276, 1427515595465273346, 1417342817222900222, 1422081192391876609, '2021-08-20 11:28:37', NULL, '2021-08-20 11:28:37', 0);
INSERT INTO `tr_menu_template_ref` VALUES (1428559568917045277, 1427515595465273346, 100, 1422081192391876609, '2021-08-20 11:28:37', NULL, '2021-08-20 11:28:37', 0);
INSERT INTO `tr_menu_template_ref` VALUES (1428559568917045278, 1427515595465273346, 101, 1422081192391876609, '2021-08-20 11:28:37', NULL, '2021-08-20 11:28:37', 0);
INSERT INTO `tr_menu_template_ref` VALUES (1428559568917045279, 1427515595465273346, 1426094805117136897, 1422081192391876609, '2021-08-20 11:28:37', NULL, '2021-08-20 11:28:37', 0);
INSERT INTO `tr_menu_template_ref` VALUES (1428559568917045280, 1427515595465273346, 1426118015510474754, 1422081192391876609, '2021-08-20 11:28:37', NULL, '2021-08-20 11:28:37', 0);
INSERT INTO `tr_menu_template_ref` VALUES (1428559568917045281, 1427515595465273346, 1426118150478983170, 1422081192391876609, '2021-08-20 11:28:37', NULL, '2021-08-20 11:28:37', 0);
INSERT INTO `tr_menu_template_ref` VALUES (1428559568917045282, 1427515595465273346, 1426107420987977729, 1422081192391876609, '2021-08-20 11:28:37', NULL, '2021-08-20 11:28:37', 0);
INSERT INTO `tr_menu_template_ref` VALUES (1428559568979959809, 1427515595465273346, 1426119162661007362, 1422081192391876609, '2021-08-20 11:28:37', NULL, '2021-08-20 11:28:37', 0);
INSERT INTO `tr_menu_template_ref` VALUES (1428559568979959810, 1427515595465273346, 1426107223339790337, 1422081192391876609, '2021-08-20 11:28:37', NULL, '2021-08-20 11:28:37', 0);
INSERT INTO `tr_menu_template_ref` VALUES (1428559568979959811, 1427515595465273346, 1426119525879345154, 1422081192391876609, '2021-08-20 11:28:37', NULL, '2021-08-20 11:28:37', 0);
INSERT INTO `tr_menu_template_ref` VALUES (1428559568979959812, 1427515595465273346, 1426119933787992065, 1422081192391876609, '2021-08-20 11:28:37', NULL, '2021-08-20 11:28:37', 0);
INSERT INTO `tr_menu_template_ref` VALUES (1429711616328982529, 1427600270367916033, 1426107223339790337, 1428975711003615234, '2021-08-23 15:46:27', NULL, '2021-08-23 15:46:27', 0);
INSERT INTO `tr_menu_template_ref` VALUES (1429711616328982530, 1427600270367916033, 1426119525879345154, 1428975711003615234, '2021-08-23 15:46:27', NULL, '2021-08-23 15:46:27', 0);
INSERT INTO `tr_menu_template_ref` VALUES (1429711616328982531, 1427600270367916033, 1426119933787992065, 1428975711003615234, '2021-08-23 15:46:27', NULL, '2021-08-23 15:46:27', 0);
INSERT INTO `tr_menu_template_ref` VALUES (1429711616328982532, 1427600270367916033, 1429710304094720001, 1428975711003615234, '2021-08-23 15:46:27', NULL, '2021-08-23 15:46:27', 0);
INSERT INTO `tr_menu_template_ref` VALUES (1429711616328982533, 1427600270367916033, 1429711095580856321, 1428975711003615234, '2021-08-23 15:46:27', NULL, '2021-08-23 15:46:27', 0);
INSERT INTO `tr_menu_template_ref` VALUES (1431245244398546946, 1427600447342379009, 1426102200929185793, 1428975711003615234, '2021-08-27 21:20:32', NULL, '2021-08-27 21:20:32', 0);
INSERT INTO `tr_menu_template_ref` VALUES (1431245244482433026, 1427600447342379009, 1426103884690583553, 1428975711003615234, '2021-08-27 21:20:32', NULL, '2021-08-27 21:20:32', 0);
INSERT INTO `tr_menu_template_ref` VALUES (1431245244486627330, 1427600447342379009, 1426104051200258050, 1428975711003615234, '2021-08-27 21:20:32', NULL, '2021-08-27 21:20:32', 0);
INSERT INTO `tr_menu_template_ref` VALUES (1431245244486627331, 1427600447342379009, 1409812127615033346, 1428975711003615234, '2021-08-27 21:20:32', NULL, '2021-08-27 21:20:32', 0);
INSERT INTO `tr_menu_template_ref` VALUES (1431245244490821633, 1427600447342379009, 1410055736960593922, 1428975711003615234, '2021-08-27 21:20:32', NULL, '2021-08-27 21:20:32', 0);
INSERT INTO `tr_menu_template_ref` VALUES (1431245244490821634, 1427600447342379009, 1417342905504825346, 1428975711003615234, '2021-08-27 21:20:32', NULL, '2021-08-27 21:20:32', 0);
INSERT INTO `tr_menu_template_ref` VALUES (1431245244495015938, 1427600447342379009, 1417342580106526721, 1428975711003615234, '2021-08-27 21:20:32', NULL, '2021-08-27 21:20:32', 0);
INSERT INTO `tr_menu_template_ref` VALUES (1431245244495015939, 1427600447342379009, 1417342661400526850, 1428975711003615234, '2021-08-27 21:20:32', NULL, '2021-08-27 21:20:32', 0);
INSERT INTO `tr_menu_template_ref` VALUES (1431245244499210241, 1427600447342379009, 1417342721400045569, 1428975711003615234, '2021-08-27 21:20:32', NULL, '2021-08-27 21:20:32', 0);
INSERT INTO `tr_menu_template_ref` VALUES (1431245244499210242, 1427600447342379009, 1417342817822900225, 1428975711003615234, '2021-08-27 21:20:32', NULL, '2021-08-27 21:20:32', 0);
INSERT INTO `tr_menu_template_ref` VALUES (1431245244499210243, 1427600447342379009, 1410053238946377730, 1428975711003615234, '2021-08-27 21:20:32', NULL, '2021-08-27 21:20:32', 0);
INSERT INTO `tr_menu_template_ref` VALUES (1431245244503404545, 1427600447342379009, 1417342905504825343, 1428975711003615234, '2021-08-27 21:20:32', NULL, '2021-08-27 21:20:32', 0);
INSERT INTO `tr_menu_template_ref` VALUES (1431245244503404546, 1427600447342379009, 1417342580106526722, 1428975711003615234, '2021-08-27 21:20:32', NULL, '2021-08-27 21:20:32', 0);
INSERT INTO `tr_menu_template_ref` VALUES (1431245244507598850, 1427600447342379009, 1417342661400526853, 1428975711003615234, '2021-08-27 21:20:32', NULL, '2021-08-27 21:20:32', 0);
INSERT INTO `tr_menu_template_ref` VALUES (1431245244507598851, 1427600447342379009, 1417342721400045563, 1428975711003615234, '2021-08-27 21:20:32', NULL, '2021-08-27 21:20:32', 0);
INSERT INTO `tr_menu_template_ref` VALUES (1431245244511793154, 1427600447342379009, 1417342817822900222, 1428975711003615234, '2021-08-27 21:20:32', NULL, '2021-08-27 21:20:32', 0);
INSERT INTO `tr_menu_template_ref` VALUES (1431245244520181762, 1427600447342379009, 1409821484801171457, 1428975711003615234, '2021-08-27 21:20:32', NULL, '2021-08-27 21:20:32', 0);
INSERT INTO `tr_menu_template_ref` VALUES (1431245244524376066, 1427600447342379009, 1417342905204825323, 1428975711003615234, '2021-08-27 21:20:32', NULL, '2021-08-27 21:20:32', 0);
INSERT INTO `tr_menu_template_ref` VALUES (1431245244528570370, 1427600447342379009, 1417342580206526122, 1428975711003615234, '2021-08-27 21:20:32', NULL, '2021-08-27 21:20:32', 0);
INSERT INTO `tr_menu_template_ref` VALUES (1431245244528570371, 1427600447342379009, 1417342661200526153, 1428975711003615234, '2021-08-27 21:20:32', NULL, '2021-08-27 21:20:32', 0);
INSERT INTO `tr_menu_template_ref` VALUES (1431245244532764673, 1427600447342379009, 1417342721200045513, 1428975711003615234, '2021-08-27 21:20:32', NULL, '2021-08-27 21:20:32', 0);
INSERT INTO `tr_menu_template_ref` VALUES (1431245244536958978, 1427600447342379009, 1417342817222900212, 1428975711003615234, '2021-08-27 21:20:32', NULL, '2021-08-27 21:20:32', 0);
INSERT INTO `tr_menu_template_ref` VALUES (1431245244536958979, 1427600447342379009, 1410056095665860610, 1428975711003615234, '2021-08-27 21:20:32', NULL, '2021-08-27 21:20:32', 0);
INSERT INTO `tr_menu_template_ref` VALUES (1431245244541153281, 1427600447342379009, 1417342905204825343, 1428975711003615234, '2021-08-27 21:20:32', NULL, '2021-08-27 21:20:32', 0);
INSERT INTO `tr_menu_template_ref` VALUES (1431245244541153282, 1427600447342379009, 1417342580206526722, 1428975711003615234, '2021-08-27 21:20:32', NULL, '2021-08-27 21:20:32', 0);
INSERT INTO `tr_menu_template_ref` VALUES (1431245244545347586, 1427600447342379009, 1417342661200526853, 1428975711003615234, '2021-08-27 21:20:32', NULL, '2021-08-27 21:20:32', 0);
INSERT INTO `tr_menu_template_ref` VALUES (1431245244549541889, 1427600447342379009, 1417342721200045563, 1428975711003615234, '2021-08-27 21:20:32', NULL, '2021-08-27 21:20:32', 0);
INSERT INTO `tr_menu_template_ref` VALUES (1431245244549541890, 1427600447342379009, 1417342817222900222, 1428975711003615234, '2021-08-27 21:20:32', NULL, '2021-08-27 21:20:32', 0);
INSERT INTO `tr_menu_template_ref` VALUES (1431245244553736193, 1427600447342379009, 100, 1428975711003615234, '2021-08-27 21:20:32', NULL, '2021-08-27 21:20:32', 0);
INSERT INTO `tr_menu_template_ref` VALUES (1431245244553736194, 1427600447342379009, 101, 1428975711003615234, '2021-08-27 21:20:32', NULL, '2021-08-27 21:20:32', 0);
INSERT INTO `tr_menu_template_ref` VALUES (1431245244557930498, 1427600447342379009, 1426094805117136897, 1428975711003615234, '2021-08-27 21:20:32', NULL, '2021-08-27 21:20:32', 0);
INSERT INTO `tr_menu_template_ref` VALUES (1431245244562124801, 1427600447342379009, 1428888183558926337, 1428975711003615234, '2021-08-27 21:20:32', NULL, '2021-08-27 21:20:32', 0);
INSERT INTO `tr_menu_template_ref` VALUES (1431245244562124802, 1427600447342379009, 1426118015510474754, 1428975711003615234, '2021-08-27 21:20:32', NULL, '2021-08-27 21:20:32', 0);
INSERT INTO `tr_menu_template_ref` VALUES (1431245244562124803, 1427600447342379009, 1426118150478983170, 1428975711003615234, '2021-08-27 21:20:32', NULL, '2021-08-27 21:20:32', 0);
INSERT INTO `tr_menu_template_ref` VALUES (1431245244566319106, 1427600447342379009, 1426107420987977729, 1428975711003615234, '2021-08-27 21:20:32', NULL, '2021-08-27 21:20:32', 0);
INSERT INTO `tr_menu_template_ref` VALUES (1431245244566319107, 1427600447342379009, 1430801075510300673, 1428975711003615234, '2021-08-27 21:20:32', NULL, '2021-08-27 21:20:32', 0);
INSERT INTO `tr_menu_template_ref` VALUES (1431245244570513410, 1427600447342379009, 1426119162661007362, 1428975711003615234, '2021-08-27 21:20:32', NULL, '2021-08-27 21:20:32', 0);
INSERT INTO `tr_menu_template_ref` VALUES (1431245244570513411, 1427600447342379009, 1430801075510300674, 1428975711003615234, '2021-08-27 21:20:32', NULL, '2021-08-27 21:20:32', 0);
INSERT INTO `tr_menu_template_ref` VALUES (1431245244574707713, 1427600447342379009, 1430801075510300679, 1428975711003615234, '2021-08-27 21:20:32', NULL, '2021-08-27 21:20:32', 0);
INSERT INTO `tr_menu_template_ref` VALUES (1431245244578902017, 1427600447342379009, 1430801075510300678, 1428975711003615234, '2021-08-27 21:20:32', NULL, '2021-08-27 21:20:32', 0);
INSERT INTO `tr_menu_template_ref` VALUES (1431245244578902018, 1427600447342379009, 1430801075510300677, 1428975711003615234, '2021-08-27 21:20:32', NULL, '2021-08-27 21:20:32', 0);
INSERT INTO `tr_menu_template_ref` VALUES (1431245244583096321, 1427600447342379009, 1430801075510300676, 1428975711003615234, '2021-08-27 21:20:32', NULL, '2021-08-27 21:20:32', 0);
INSERT INTO `tr_menu_template_ref` VALUES (1431245244587290626, 1427600447342379009, 1430801075510300675, 1428975711003615234, '2021-08-27 21:20:32', NULL, '2021-08-27 21:20:32', 0);
INSERT INTO `tr_menu_template_ref` VALUES (1431245244591484929, 1427600447342379009, 1426107223339790337, 1428975711003615234, '2021-08-27 21:20:32', NULL, '2021-08-27 21:20:32', 0);
INSERT INTO `tr_menu_template_ref` VALUES (1431245244591484930, 1427600447342379009, 1426119525879345154, 1428975711003615234, '2021-08-27 21:20:32', NULL, '2021-08-27 21:20:32', 0);
INSERT INTO `tr_menu_template_ref` VALUES (1431245244595679233, 1427600447342379009, 1426119933787992065, 1428975711003615234, '2021-08-27 21:20:32', NULL, '2021-08-27 21:20:32', 0);
INSERT INTO `tr_menu_template_ref` VALUES (1431245244595679234, 1427600447342379009, 1429710304094720001, 1428975711003615234, '2021-08-27 21:20:32', NULL, '2021-08-27 21:20:32', 0);
INSERT INTO `tr_menu_template_ref` VALUES (1431245244599873537, 1427600447342379009, 1429711095580856321, 1428975711003615234, '2021-08-27 21:20:32', NULL, '2021-08-27 21:20:32', 0);
INSERT INTO `tr_menu_template_ref` VALUES (1431245244599873538, 1427600447342379009, 1429714990549962754, 1428975711003615234, '2021-08-27 21:20:32', NULL, '2021-08-27 21:20:32', 0);
INSERT INTO `tr_menu_template_ref` VALUES (1432643441267322882, 1427600373719760898, 1409812127615033346, 1422081192391876609, '2021-08-31 17:56:28', NULL, '2021-08-31 17:56:28', 0);
INSERT INTO `tr_menu_template_ref` VALUES (1432643441267322883, 1427600373719760898, 1410055736960593922, 1422081192391876609, '2021-08-31 17:56:28', NULL, '2021-08-31 17:56:28', 0);
INSERT INTO `tr_menu_template_ref` VALUES (1432643441267322884, 1427600373719760898, 1417342905504825346, 1422081192391876609, '2021-08-31 17:56:28', NULL, '2021-08-31 17:56:28', 0);
INSERT INTO `tr_menu_template_ref` VALUES (1432643441267322885, 1427600373719760898, 1417342580106526721, 1422081192391876609, '2021-08-31 17:56:28', NULL, '2021-08-31 17:56:28', 0);
INSERT INTO `tr_menu_template_ref` VALUES (1432643441267322886, 1427600373719760898, 1417342661400526850, 1422081192391876609, '2021-08-31 17:56:28', NULL, '2021-08-31 17:56:28', 0);
INSERT INTO `tr_menu_template_ref` VALUES (1432643441267322887, 1427600373719760898, 1417342721400045569, 1422081192391876609, '2021-08-31 17:56:28', NULL, '2021-08-31 17:56:28', 0);
INSERT INTO `tr_menu_template_ref` VALUES (1432643441267322888, 1427600373719760898, 1417342817822900225, 1422081192391876609, '2021-08-31 17:56:28', NULL, '2021-08-31 17:56:28', 0);
INSERT INTO `tr_menu_template_ref` VALUES (1432643441296683009, 1427600373719760898, 1410053238946377730, 1422081192391876609, '2021-08-31 17:56:28', NULL, '2021-08-31 17:56:28', 0);
INSERT INTO `tr_menu_template_ref` VALUES (1432643441296683010, 1427600373719760898, 1417342905504825343, 1422081192391876609, '2021-08-31 17:56:28', NULL, '2021-08-31 17:56:28', 0);
INSERT INTO `tr_menu_template_ref` VALUES (1432643441296683011, 1427600373719760898, 1417342580106526722, 1422081192391876609, '2021-08-31 17:56:28', NULL, '2021-08-31 17:56:28', 0);
INSERT INTO `tr_menu_template_ref` VALUES (1432643441296683012, 1427600373719760898, 1417342661400526853, 1422081192391876609, '2021-08-31 17:56:28', NULL, '2021-08-31 17:56:28', 0);
INSERT INTO `tr_menu_template_ref` VALUES (1432643441296683013, 1427600373719760898, 1417342721400045563, 1422081192391876609, '2021-08-31 17:56:28', NULL, '2021-08-31 17:56:28', 0);
INSERT INTO `tr_menu_template_ref` VALUES (1432643441296683014, 1427600373719760898, 1417342817822900222, 1422081192391876609, '2021-08-31 17:56:28', NULL, '2021-08-31 17:56:28', 0);
INSERT INTO `tr_menu_template_ref` VALUES (1432643441296683015, 1427600373719760898, 1409821484801171457, 1422081192391876609, '2021-08-31 17:56:28', NULL, '2021-08-31 17:56:28', 0);
INSERT INTO `tr_menu_template_ref` VALUES (1432643441296683016, 1427600373719760898, 1417342905204825323, 1422081192391876609, '2021-08-31 17:56:28', NULL, '2021-08-31 17:56:28', 0);
INSERT INTO `tr_menu_template_ref` VALUES (1432643441296683017, 1427600373719760898, 1417342580206526122, 1422081192391876609, '2021-08-31 17:56:28', NULL, '2021-08-31 17:56:28', 0);
INSERT INTO `tr_menu_template_ref` VALUES (1432643441296683018, 1427600373719760898, 1417342661200526153, 1422081192391876609, '2021-08-31 17:56:28', NULL, '2021-08-31 17:56:28', 0);
INSERT INTO `tr_menu_template_ref` VALUES (1432643441296683019, 1427600373719760898, 1417342721200045513, 1422081192391876609, '2021-08-31 17:56:28', NULL, '2021-08-31 17:56:28', 0);
INSERT INTO `tr_menu_template_ref` VALUES (1432643441296683020, 1427600373719760898, 1417342817222900212, 1422081192391876609, '2021-08-31 17:56:28', NULL, '2021-08-31 17:56:28', 0);
INSERT INTO `tr_menu_template_ref` VALUES (1432643441296683021, 1427600373719760898, 1410056095665860610, 1422081192391876609, '2021-08-31 17:56:28', NULL, '2021-08-31 17:56:28', 0);
INSERT INTO `tr_menu_template_ref` VALUES (1432643441296683022, 1427600373719760898, 1417342905204825343, 1422081192391876609, '2021-08-31 17:56:28', NULL, '2021-08-31 17:56:28', 0);
INSERT INTO `tr_menu_template_ref` VALUES (1432643441296683023, 1427600373719760898, 1417342580206526722, 1422081192391876609, '2021-08-31 17:56:28', NULL, '2021-08-31 17:56:28', 0);
INSERT INTO `tr_menu_template_ref` VALUES (1432643441296683024, 1427600373719760898, 1417342661200526853, 1422081192391876609, '2021-08-31 17:56:28', NULL, '2021-08-31 17:56:28', 0);
INSERT INTO `tr_menu_template_ref` VALUES (1432643441296683025, 1427600373719760898, 1417342721200045563, 1422081192391876609, '2021-08-31 17:56:28', NULL, '2021-08-31 17:56:28', 0);
INSERT INTO `tr_menu_template_ref` VALUES (1432643441296683026, 1427600373719760898, 1417342817222900222, 1422081192391876609, '2021-08-31 17:56:28', NULL, '2021-08-31 17:56:28', 0);

-- ----------------------------
-- Table structure for tr_tenant
-- ----------------------------
DROP TABLE IF EXISTS `tr_tenant`;
CREATE TABLE `tr_tenant`  (
  `id` bigint(20) NOT NULL COMMENT '主键id',
  `tenant_code` varchar(100) NOT NULL COMMENT '租户编码',
  `tenant_name` varchar(256) NOT NULL COMMENT '租户名称',
  `begin_date` datetime(0) NULL DEFAULT NULL COMMENT '开始时间',
  `end_date` datetime(0) NULL DEFAULT NULL COMMENT '结束时间',
  `status` int(1) NULL DEFAULT 1 COMMENT '状态(0-禁用1-启用)',
  `menu_template_id` bigint(20) NULL DEFAULT NULL COMMENT '菜单模板id',
  `identity_id` bigint(20) NULL DEFAULT NULL COMMENT '身份id',
  `level` tinyint(1) NULL DEFAULT NULL COMMENT '等级(10-试用版;20-基础版;30-VIP版;40-尊贵版)',
  `create_by` bigint(20) NULL DEFAULT NULL COMMENT '创建人',
  `create_time` datetime(0) NULL DEFAULT CURRENT_TIMESTAMP COMMENT '创建时间',
  `update_by` bigint(20) NULL DEFAULT NULL COMMENT '更新人',
  `update_time` datetime(0) NULL DEFAULT NULL COMMENT '更新时间',
  `del_flag` tinyint(1) NULL DEFAULT 0 COMMENT '删除状态(0-正常,1-已删除)',
  PRIMARY KEY (`id`) USING BTREE
) ENGINE = InnoDB COMMENT = '多租户信息表';

-- ----------------------------
-- Records of tr_tenant
-- ----------------------------
INSERT INTO `tr_tenant` VALUES (1, 'HDDC', '黄大地产', '2021-08-14 19:41:59', '2021-12-30 19:42:03', 1, 1427600447342379009, 1422081192391876609, 40, NULL, '2021-07-06 23:18:51', 1422081192391876609, '2021-08-18 18:35:35', 0);
INSERT INTO `tr_tenant` VALUES (1428660731968507906, 'TEST', '测试租户', '2021-08-20 00:00:00', '2021-08-20 00:00:00', 1, 1427600447342379009, 1428660713102536706, 40, 1422081192391876609, '2021-08-20 18:10:36', NULL, '2021-08-20 18:10:36', 0);
INSERT INTO `tr_tenant` VALUES (1428975711070838786, 'AOLIN', '奥林·云溪海棠', '2021-08-20 00:00:00', '2024-08-31 00:00:00', 1, 1427600447342379009, 1428975711003615234, 30, 1422081192391876609, '2021-08-21 15:02:13', NULL, '2021-08-21 15:02:13', 0);

